{
    "version": 1,
    "job_id": "GLBX-20250925-WQDHXB45MK",
    "query": {
        "dataset": "GLBX.MDP3",
        "schema": "ohlcv-1d",
        "symbols": [
            "ES.FUT",
            "NQ.FUT"
        ],
        "stype_in": "parent",
        "stype_out": "instrument_id",
        "start": 1275782400000000000,
        "end": 1758758400000000000,
        "limit": null,
        "encoding": "dbn",
        "compression": "zstd"
    },
    "customizations": {
        "pretty_px": false,
        "pretty_ts": false,
        "map_symbols": false,
        "split_symbols": false,
        "split_duration": null,
        "split_size": null,
        "packaging": null,
        "delivery": "download"
    }
}